<?xml version="1.0" encoding="UTF-8"?>
<project-private xmlns="http://www.netbeans.org/ns/project-private/1">
    <editor-bookmarks xmlns="http://www.netbeans.org/ns/editor-bookmarks/2" lastBookmarkId="0"/>
    <open-files xmlns="http://www.netbeans.org/ns/projectui-open-files/2">
        <group>
            <file>file:/C:/Users/KARINA/Documents/NetBeansProjects/PIAtest/src/PIA/Acceso.java</file>
            <file>file:/C:/Users/KARINA/Documents/NetBeansProjects/PIAtest/src/PIA/Venta.java</file>
            <file>file:/C:/Users/KARINA/Documents/NetBeansProjects/PIAtest/src/PIA/Main.java</file>
            <file>file:/C:/Users/KARINA/Documents/NetBeansProjects/PIAtest/src/PIA/Servicios.java</file>
        </group>
    </open-files>
</project-private>
